group	proportion	mean	SD
Younger Females	0.11	16.393749400277	2.88268805041908
Older Females	0.89	35.4235845387475	11.9174985296128
Younger Males	0.22	17.3196847182194	5.64845224823794
Older Males	0.78	37.2588237274495	11.4467083952934
Younger Both sexes	0.11	16.3090527231988	2.95929124451792
Older Both sexes	0.89	35.3890909808989	11.9983103933255
